<!DOCTYPE suite SYSTEM "https://testng.org/testng-1.0.dtd" >
  
<suite name="ActitimeTests" verbose="1" >

  <listeners>
    <listener class-name="com.actitime.base.BaseClass" />   
  </listeners>

  <test name="Projects" >     
   
   <!-- parameter name="username" value="admin"/-->
   <!-- parameter name="password" value="manager"/-->
   <!-- parameter name="personage" value="25"/-->
    
    <packages>
       <package name="com.actitime.tests" />
     </packages>
  </test> 
    
</suite>
