<!DOCTYPE suite SYSTEM "https://testng.org/testng-1.0.dtd" >
  
<suite name="ActitimeTests" verbose="1" >

  <test name="Projects" >    
    <classes>
       <class name="com.actitime.tests.Projects">	      
      </class>                          
    </classes>
  </test> 
  
  <test name="CustomerAndLoginTests" >    
    <classes>
       <class name="com.actitime.tests.Customer"/>	
       <class name="com.actitime.tests.Login"/>                                
    </classes>
  </test>  
</suite>
